type,seed,model,test_accuracy,val_accuracy,parameters,size_mb,latency_ms,training_time_s
baseline,42,NanoCNNv2,35.7,38.9,1250,0.009736061096191406,0.30686345000049187,174.69554027000004
baseline,123,NanoCNNv2,34.3,35.7,1250,0.009736061096191406,0.3195618799963995,178.40362112899948
baseline,456,NanoCNNv2,35.6,34.8,1250,0.009736061096191406,0.32165661999897566,177.55734364599994
baseline,42,SmallCNNv2,61.3,66.4,75946,0.29796314239501953,1.0706671200023266,642.3630085349996
baseline,123,SmallCNNv2,60.7,65.8,75946,0.29796314239501953,1.90066004000073,676.054075169
baseline,456,SmallCNNv2,63.5,66.3,75946,0.29796314239501953,1.110235019996253,707.0209732929998
baseline,42,TinyCNNv2,38.7,46.1,4218,0.021454811096191406,0.8063453999966441,250.69892943099967
baseline,123,TinyCNNv2,41.7,44.3,4218,0.021454811096191406,0.47247935000086727,251.79362174900052
baseline,456,TinyCNNv2,39.7,39.7,4218,0.021454811096191406,0.7255834199986566,252.10176786600005
distilled,42,NanoCNNv2_distilled,35.0,35.5,1250,0.009926795959472656,0.32272933998683584,410.4036798239995
distilled,123,NanoCNNv2_distilled,37.2,37.0,1250,0.009926795959472656,0.3217723799934902,406.6286330130006
distilled,456,NanoCNNv2_distilled,35.0,36.8,1250,0.009926795959472656,0.3204709800047567,408.37300590700033
